<?xml version="1.0"?>
<!DOCTYPE hibernate-mapping PUBLIC "-//Hibernate/Hibernate Mapping DTD 3.0//EN"
"http://hibernate.sourceforge.net/hibernate-mapping-3.0.dtd">

<hibernate-mapping>
	<class name="model.Route" table="route">
		<id name="rid" type="int">
			<column name="rid" />
			<generator class="assigned" />
		</id>
	 	 <property name="username" type="java.lang.String">
			<column name="name" />
		</property>
		
		 <property name="comment" type="java.lang.String">
			<column name="comment" />
		</property>
		
		<property name="start_time" type="double">
			<column name="start_time" />
		</property>
		<property name="end_time" type="double">
			<column name="end_time" />
		</property>
		
	</class>
</hibernate-mapping>