<?xml version="1.0"?>
<!DOCTYPE hibernate-mapping PUBLIC "-//Hibernate/Hibernate Mapping DTD 3.0//EN"
"http://hibernate.sourceforge.net/hibernate-mapping-3.0.dtd">

<hibernate-mapping>
	<class name="model.Book" table="books">
		<id name="id" type="int">
			<column name="id" />
			<generator class="assigned" />
		</id>
		<property name="title" type="java.lang.String">
			<column name="title" />
		</property>
		<property name="author" type="java.lang.String">
			<column name="author" />
		</property>
		<property name="price" type="double">
			<column name="price" />
		</property>
		<property name="publisher" type="java.lang.String">
			<column name="publisher" />
		</property>
		<property name="date" type="java.sql.Date">
			<column name="date" />
		</property>
	</class>
</hibernate-mapping>