<?xml version="1.0"?>
<!DOCTYPE hibernate-mapping PUBLIC "-//Hibernate/Hibernate Mapping DTD 3.0//EN"
"http://hibernate.sourceforge.net/hibernate-mapping-3.0.dtd">

<hibernate-mapping>
	<class name="model.route_location_list" table="route_location_list">
		<id name="id" type="int">
			<column name="rid" />
			<generator class="assigned" />
		</id>
		<property name="index" type="int">
			<column name="ind" />
		</property>
 
		<property name="latitude" type="double">
			<column name="latitude" />
		</property>
		<property name="longitude" type="double">
			<column name="longitude" />
		</property>

	</class>
</hibernate-mapping>