<?xml version="1.0"?>
<!DOCTYPE hibernate-mapping PUBLIC "-//Hibernate/Hibernate Mapping DTD 3.0//EN"
"http://hibernate.sourceforge.net/hibernate-mapping-3.0.dtd">

<hibernate-mapping>
	<class name="model.User" table="users">
		<id name="id" type="int">
			<column name="id" />
			<generator class="assigned" />
		</id>
		<property name="username" type="java.lang.String">
			<column name="username" />
		</property>
		<property name="password" type="java.lang.String">
			<column name="password" />
		</property>
		<property name="role" type="java.lang.String">
			<column name="role" />
		</property>
	</class>
</hibernate-mapping>