<?xml version="1.0"?>
<!DOCTYPE hibernate-mapping PUBLIC "-//Hibernate/Hibernate Mapping DTD 3.0//EN"
"http://hibernate.sourceforge.net/hibernate-mapping-3.0.dtd">

<hibernate-mapping>
	<class name="model.Order" table="orders">
		<id name="id" type="int">
			<column name="id" />
			<generator class="assigned" />
		</id>
		<property name="userid" type="int">
			<column name="userid" />
		</property>
		<property name="date" type="java.sql.Date">
			<column name="date" />
		</property>
		<set name="orderitems" lazy="false" inverse="true">
			<key column="orderid" />
			<one-to-many class="model.Orderitem" />
		</set>
	</class>
</hibernate-mapping>